{
  "type": "longitude",
  "t0": "2025-11-25T01:46:12.437724+00:00",
  "t0_timestamp": 1764035172.437724,
  "duration_minutes": 1435,
  "coefficients": [
    -3693.856733804178,
    12642.975120169847,
    -17241.64809309946,
    11944.423311613107,
    -4436.3741690361785,
    854.565442639606,
    5121.124490254132,
    -146.48621821146193
  ],
  "longitude_unwrapped": true,
  "max_error_degrees": 14.496290429155863,
  "mean_error_degrees": 8.569439188422747
}